temp_effect,prompt_effect_crazy_vs_factual,model
0.0025083179876601172,0.987325557611079,DEVSTRAL
0.04290720413171724,0.9995095413639635,GEMMA_3N_E4B
-0.5736359569192659,0.9999999999912194,NOVA_2_LITE
0.03848962882113405,0.9369485086724046,NOVA_MICRO
