temp_effect,prompt_effect_crazy_vs_factual,model
0.003453703939561903,0.987325557611079,DEVSTRAL
2.3634427748220332e-11,0.9995095413639635,GEMMA_3N_E4B
-1.7822632258912563e-11,0.9999999999912194,NOVA_2_LITE
0.020940084196851005,0.9369485086724046,NOVA_MICRO
